mpp_id,persona
1,"This politician appears to be a pragmatic and safety-conscious individual who is committed to protecting Ontarians from harm. Their background in supporting small business and serving on the Standing Committee on Finance and Economic Affairs suggests that they are also fiscally responsible and interested in promoting economic growth, but willing to take measures to ensure public well-being when necessary."
2,"This politician is a socially conscious and progressive individual who prioritizes the needs of marginalized communities, artists, and small business owners. They appear to have a strong connection to their local community, particularly in areas like ""Little Jamaica,"" and are driven by a desire to promote equity, inclusion, and social justice through policy changes."
3,"This politician appears to be a compassionate and socially conscious individual who is deeply invested in improving the lives of vulnerable populations, particularly children and low-income families. Their background likely involves working with marginalized communities or advocating for social justice causes, shaping their legislative priorities and motivating them to push for meaningful policy changes."
5,"This politician appears to be a culturally sensitive and inclusive individual who values diversity and heritage. Their background in interior affairs suggests they may have an eye for aesthetics and community development, and their efforts to recognize Chinese Heritage Month imply a strong connection to multiculturalism and social justice."
6,"Robert Bailey appears to be a compassionate and community-driven individual who is deeply invested in public safety and welfare. His legislative efforts suggest that he may have personal connections or experiences with missing persons cases, driving his passion for innovative solutions to bring closure to families."
7,"Patrice Barnes appears to be a compassionate and solution-driven individual who is deeply concerned about social welfare and public services, as evident from her motions supporting emergency responders and internationally educated nurses. Her advocacy for underrepresented groups suggests a strong sense of empathy and a commitment to creating positive change in her community."
8,"This politician is a champion of social justice and consumer rights, with a strong focus on protecting vulnerable populations and promoting environmental sustainability. Their extensive legislative history suggests a dedicated public servant who has spent years fighting for progressive causes and advocating for marginalized communities."
9,"This politician appears to be a socially progressive advocate for affordable housing, animal welfare, and tenant rights, with a strong focus on protecting vulnerable populations and promoting community development. Their background likely involves experience in community organizing or social work, driving their passion for creating a more equitable and just society."
10,"This seasoned politician exudes a sense of fiscal responsibility and forward-thinking leadership, having introduced numerous budgetary policies and amendments aimed at bolstering Ontario's infrastructure, education, and economy. With years of experience in the provincial government, they have honed their skills as a pragmatic and results-driven Minister of Finance."
11,"This politician is a family-oriented individual with a strong sense of social responsibility, likely having come from a humble background where financial struggles were real. Their passion for creating a more affordable and supportive environment for Ontario families drives their policy initiatives."
12,"Will Bouma appears to be a pragmatic and solution-oriented individual who is deeply invested in supporting Ontario's agricultural community. With their emphasis on food security and competitiveness, they seem to have a strong connection to rural Ontario and are committed to advocating for policies that benefit local farmers and the broader agri-food industry."
13,"This politician is a pragmatic and safety-conscious individual who is deeply concerned about the welfare of their constituents, particularly those in rural and Northern Ontario communities. Their legislative efforts suggest a strong connection to the land and a commitment to protecting the environment, as well as a willingness to take practical steps to address everyday concerns like affordable home heating and road safety."
14,"This politician is likely a pragmatic and business-savvy individual who prioritizes economic growth and job creation, as evident from their sponsorship of bills aimed at cutting taxes on small businesses and promoting diversity in corporate governance. Their background may include experience in the private sector or working with entrepreneurs, giving them a unique understanding of the challenges faced by Ontario's business community."
15,"This politician is likely a down-to-earth individual with strong agricultural roots, having introduced a bill focused on farmland strategy and possibly having a personal connection to farming or rural communities. They also appear to be a patriot who values the contributions of Canadian military veterans, indicating a sense of respect for tradition and national heritage."
16,"This politician appears to be a compassionate and community-driven individual who is committed to creating positive change through legislation. The introduction of Garrett's Legacy Act suggests that they may have been personally affected by a tragedy, possibly related to a constituent or community member, which has driven their advocacy for safety measures in youth sports."
17,"This politician appears to be a champion for accountability and integrity in government, with a strong focus on protecting vulnerable populations and promoting workplace safety. Their dedication to issues such as municipal reform and supportive living accommodations suggests a compassionate and community-driven individual who is committed to creating positive change through their work in public service."
18,"Rick Byers appears to be a detail-oriented and pragmatic individual with a strong focus on reviving dormant businesses and promoting Ontario's life sciences sector, suggesting a background in business or economics. His ability to successfully move motions and revive companies like 1082472 Ontario Limited implies a methodical approach to politics, possibly stemming from a professional background outside of government."
19,"Andrea Khanjin appears to be a diligent and organized individual who is meticulous in their work as evidenced by the detailed proposals and committee appointments they have put forth. They seem to be a seasoned politician with a strong sense of responsibility, likely having spent years honing their skills in the political arena."
